{"SVM": [0.93125, 0.85, 0.7625, 0.88125, 0.88125], "RF": [0.7625, 0.84375, 0.7375, 0.83125, 0.78125], "KNN": [0.88125, 0.76875, 0.7375, 0.825, 0.81875], "NB": [0.675, 0.7375, 0.70625, 0.7375, 0.69375], "FC": [0.8812500238418579, 0.831250011920929, 0.824999988079071, 0.8125, 0.90625], "CNN": [0.8812500238418579, 0.831250011920929, 0.824999988079071, 0.8125, 0.90625]}