{"SVM": [0.8625, 0.85625, 0.78125, 0.8875, 0.88125], "RF": [0.78125, 0.81875, 0.75625, 0.8125, 0.83125], "KNN": [0.88125, 0.76875, 0.7375, 0.825, 0.81875], "NB": [0.675, 0.7375, 0.70625, 0.7375, 0.69375], "FC": [0.675, 0.7375, 0.70625, 0.7375, 0.69375]}