{"SVM": [0.9411764705882353, 0.8407643312101911, 0.7547169811320755, 0.891566265060241, 0.8809523809523809], "RF": [0.6962962962962963, 0.8553459119496856, 0.7764705882352941, 0.8143712574850299, 0.7831325301204819], "KNN": [0.8671328671328671, 0.7549668874172185, 0.7741935483870968, 0.8271604938271605, 0.8284023668639053], "NB": [0.5517241379310345, 0.7407407407407407, 0.7218934911242604, 0.7692307692307693, 0.7292817679558011], "FC": [0.6523604393005371, 0.6784140467643738, 0.6864405870437622, 0.7219916582107544, 0.6724137663841248]}