{"params": {"var_smoothing": 1e-09}, "mean_test_score": 0.7100000000000001, "std_test_score": 0.024558603380485634}