{"params": {"max_depth": null, "min_samples_split": 5, "n_estimators": 500}, "mean_test_score": 0.8074999999999999, "std_test_score": 0.03652909799050614}