{"params": {"max_depth": null, "min_samples_split": 2, "n_estimators": 50}, "mean_test_score": 0.7699999999999999, "std_test_score": 0.021794494717703377}