{"params": {"max_depth": 20, "min_samples_split": 5, "n_estimators": 50}, "mean_test_score": 0.7787499999999999, "std_test_score": 0.04619929653144081}