{"params": {"max_depth": 30, "min_samples_split": 10, "n_estimators": 500}, "mean_test_score": 0.7987499999999998, "std_test_score": 0.033634060117684265}