{"params": {"max_depth": null, "min_samples_split": 5, "n_estimators": 100}, "mean_test_score": 0.7812500000000001, "std_test_score": 0.0423895623945329}