{"params": {"max_depth": 30, "min_samples_split": 5, "n_estimators": 100}, "mean_test_score": 0.7962499999999999, "std_test_score": 0.04100304866714182}