{"params": {"max_depth": 20, "min_samples_split": 2, "n_estimators": 50}, "mean_test_score": 0.8087500000000001, "std_test_score": 0.026398390102428594}