{"params": {"max_depth": 30, "min_samples_split": 10, "n_estimators": 100}, "mean_test_score": 0.7837500000000001, "std_test_score": 0.024238399287081627}