{"params": {"max_depth": 10, "min_samples_split": 2, "n_estimators": 500}, "mean_test_score": 0.8049999999999999, "std_test_score": 0.030973779233409666}