{"params": {"max_depth": 10, "min_samples_split": 5, "n_estimators": 50}, "mean_test_score": 0.7762500000000001, "std_test_score": 0.029421505739849526}