{"params": {"max_depth": 10, "min_samples_split": 2, "n_estimators": 200}, "mean_test_score": 0.8012499999999999, "std_test_score": 0.05264859922163172}