{"params": {"max_depth": 30, "min_samples_split": 2, "n_estimators": 500}, "mean_test_score": 0.7962499999999999, "std_test_score": 0.04883006246156156}