{"params": {"max_depth": 20, "min_samples_split": 2, "n_estimators": 100}, "mean_test_score": 0.7962499999999999, "std_test_score": 0.042683427697409695}